"社員番号","姓","名","本部コード","人事区分"
"admin","****","****","9005","1"
"00009534","****","****","2001","1"
"00003717","****","****","2414","1"
"00009040","****","****","2103","1"
"90000002","****","****","8888","1"
"90000004","****","****","8888","1"
"90000001","****","****","8888","1"
"00005381","****","****","2000","1"
"00004269","****","****","3100","1"
"00003824","****","****","3300","1"
"00003659","****","****","2413","1"
"00001810","****","****","9000","1"
"00009078","****","****","2527","1"
"00009402","****","****","2413","1"
"00009339","****","****","2310","1"
"00000754","****","****","2311","1"
"00009301","****","****","4500","1"
"00009356","****","****","9004","1"
"00009366","****","****","2311","1"
"00009393","****","****","9004","1"
"00009468","****","****","3300","1"
"00009034","****","****","3200","1"
"00009166","****","****","2617","1"
"00009198","****","****","2413","1"
"90000003","****","****","8888","1"
"00009274","****","****","2525","1"
"00009225","****","****","6301","1"
"00009140","****","****","2526","1"
"00008146","****","****","9005","1"
"00007791","****","****","3100","1"
"00006710","****","****","2311","1"
"00001463","****","****","2525","1"
"00001109","****","****","2412","1"
"00000986","****","****","2104","1"
"00000777","****","****","9050","1"
"00000739","****","****","9050","1"
"00000598","****","****","9011","1"
"00000507","****","****","9107","1"
"00000465","****","****","3100","1"
"00000424","****","****","9004","1"
"00000184","****","****","9012","1"
"00000051","****","****","9003","1"
"00000176","****","****","2001","1"
"00000572","****","****","2522","1"
"00000218","****","****","9104","1"
"00001422","****","****","6908","1"
"00004095","****","****","2413","1"
"00009084","****","****","2001","1"
"00009613","****","****","3200","1"
"00003550","****","****","9900","1"
"00003667","****","****","9008","1"
"00003675","****","****","3200","1"
"00003683","****","****","2523","1"
"00008468","****","****","9200","1"
"00009103","****","****","2311","1"
"00009136","****","****","9053","1"
"00005977","****","****","2310","1"
"00009579","****","****","2602","1"
"00006660","****","****","2750","1"
"00006736","****","****","2000","1"
"00006769","****","****","3100","1"
"00007759","****","****","3100","1"
"00007858","****","****","2000","1"
"00008153","****","****","3100","1"
"00008427","****","****","2521","1"
"00000069","****","****","6900","1"
"00000101","****","****","9000","1"
"00000119","****","****","9800","1"
"00009597","****","****","2311","1"
"00001083","****","****","2412","1"
"00001091","****","****","2414","1"
"00001141","****","****","2413","1"
"00001224","****","****","2000","1"
"00001836","****","****","9003","1"
"00002016","****","****","6903","1"
"00003204","****","****","2310","1"
"00000358","****","****","8003","1"
"00000440","****","****","9050","1"
"00009378","****","****","8003","1"
"00009381","****","****","2002","1"
"00009386","****","****","2413","1"
"00009397","****","****","2602","1"
"00009399","****","****","2412","1"
"00009400","****","****","2412","1"
"00009406","****","****","2523","1"
"00009414","****","****","2523","1"
"00009150","****","****","9110","1"
"00009420","****","****","3300","1"
"00009156","****","****","2522","1"
"00009176","****","****","2412","1"
"00009275","****","****","9107","1"
"00009187","****","****","3300","1"
"00009590","****","****","8003","1"
"00000481","****","****","2000","1"
"00000515","****","****","2000","1"
"00000523","****","****","2000","1"
"00000564","****","****","9050","1"
"00000630","****","****","2001","1"
"00000705","****","****","2311","1"
"00000713","****","****","2412","1"
"00000747","****","****","9098","1"
"00000812","****","****","2412","1"
"00000820","****","****","2311","1"
"00000903","****","****","2104","1"
"00009571","****","****","8003","1"
"00006306","****","****","2310","1"
"00009427","****","****","9005","1"
"00004178","****","****","9005","1"
"00005191","****","****","3200","1"
"00005258","****","****","2526","1"
"00005399","****","****","3300","1"
"00009695","****","****","4480","1"
"00009691","****","****","2310","1"
"00009646","****","****","2601","1"
"00009655","****","****","3301","1"
"00009627","****","****","2310","1"
"00009643","****","****","3100","1"
"00009716","****","****","2311","1"
"00009683","****","****","3300","1"
"00009632","****","****","2413","1"
"00009708","****","****","2000","1"
"00009679","****","****","2104","1"
"00009647","****","****","6201","1"
"00009619","****","****","8002","1"
"00009637","****","****","3300","1"
"09020002","****","****","8002","1"
"99990007","****","****","9200","1"
"99990008","****","****","9200","1"
"99990012","****","****","9200","1"
"99990014","****","****","9200","1"
"99990015","****","****","9200","1"
"99990016","****","****","9200","1"
"99990017","****","****","9200","1"
"99990018","****","****","9200","1"
"99990019","****","****","9200","1"
"99990020","****","****","9200","1"
"99990021","****","****","9200","1"
"09010048","****","****","2521","1"
"09030010","****","****","9104","1"
"09010026","****","****","9099","1"
"00009735","****","****","3200","1"
"09010060","****","****","3301","1"
"09010061","****","****","7314","1"
"09010014","****","****","9008","1"
"09010032","****","****","4501","1"
"00009739","****","****","8002","1"
"99990001","****","****","9200","1"
"99990002","****","****","9200","1"
"99990003","****","****","9200","1"
"99990004","****","****","9200","1"
"99990005","****","****","9200","1"
"99990006","****","****","9200","1"
"99990009","****","****","9200","1"
"09020013","****","****","8002","1"
"09010016","****","****","2413","1"
"09010044","****","****","3200","1"
"99990010","****","****","9200","1"
"99990011","****","****","9200","1"
"11010087","****","****","4501","1"
"99990026","****","****","9200","1"
"11010041","****","****","8003","1"
"11010046","****","****","3300","1"
"10010022","****","****","2617","1"
"99990035","****","****","9200","1"
"99990036","****","****","9200","1"
"99990028","****","****","9200","1"
"00009741","****","****","8002","1"
"99990032","****","****","9200","1"
"99990033","****","****","9200","1"
"99990031","****","****","9200","1"
"11030002","****","****","3300","1"
"12010056","****","****","3200","1"
"12010060","****","****","2000","1"
"90000008","****","****","8888","1"
"11010026","****","****","2617","1"
"10010090","****","****","2521","1"
"09040006","****","****","9051","1"
"09040012","****","****","3200","1"
"10010082","****","****","3300","1"
"10010092","****","****","6113","1"
"99990029","****","****","9200","1"
"10030003","****","****","9104","1"
"00009742","****","****","8002","1"
"09040003","****","****","9051","1"
"09040028","****","****","2750","1"
"09040033","****","****","2750","1"
"11010067","****","****","9005","1"
"09040013","****","****","9051","1"
"09040018","****","****","9051","1"
"99990030","****","****","9200","1"
"09040016","****","****","2750","1"
"10010020","****","****","2601","1"
"09040009","****","****","2750","1"
"99990024","****","****","9200","1"
"99990025","****","****","9200","1"
"99990027","****","****","9200","1"
"11010073","****","****","2310","1"
"12010014","****","****","9051","1"
"09030013","****","****","9051","1"
"10010044","****","****","2103","1"
"99990038","****","****","9200","1"
"99990037","****","****","9200","1"
"99990000","****","****","9200","1"
"09040027","****","****","2750","1"
"99990023","****","****","9200","1"
"12010027","****","****","2311","1"
"90000005","****","****","8888","1"
"90000006","****","****","8888","1"
"90000007","****","****","8888","1"
"10010041","****","****","2525","1"
"12030005","****","****","4501","1"
"11010050","****","****","4501","1"
"11010059","****","****","2527","1"
"11010014","****","****","4470","1"
"11010054","****","****","2000","1"
"00009740","****","****","8002","1"
"09040017","****","****","9051","1"
"09040011","****","****","2750","1"
"99990034","****","****","9200","1"
"12030018","****","****","4501","1"
"12030012","****","****","2000","1"
"12030014","****","****","2526","1"
"99990040","****","****","9200","1"
"13010016","****","****","4470","1"
"14010117","****","****","3300","1"
"13010015","****","****","2413","1"
"13010038","****","****","3200","1"
"14010061","****","****","4501","1"
"14010142","****","****","4500","1"
"13030011","****","****","2414","1"
"13010051","****","****","2103","1"
"14010016","****","****","2001","1"
"99990039","****","****","9200","1"
"12030035","****","****","2103","1"
"14010148","****","****","4470","1"
"13010017","****","****","2103","1"
"14010057","****","****","4500","1"
"13030013","****","****","3200","1"
"13010062","****","****","9051","1"
"14010087","****","****","3200","1"
"14010094","****","****","9004","1"
"13010049","****","****","9004","1"
"14010153","****","****","4470","1"
"14010143","****","****","3200","1"
"13010032","****","****","2311","1"
"14010084","****","****","4500","1"
"14010068","****","****","4500","1"
"14010147","****","****","2311","1"
"12030030","****","****","3300","1"
"14010127","****","****","4500","1"
"13010078","****","****","2750","1"
"13030008","****","****","9097","1"
"14030002","****","****","3100","1"
"13030010","****","****","9100","1"
"14010091","****","****","2750","1"
"14030004","****","****","2001","1"
"14010074","****","****","2000","1"
"14010176","****","****","3100","1"
"13010090","****","****","9098","1"
"16010002","****","****","4500","1"
"15010001","****","****","3200","1"
"15010063","****","****","4500","1"
"16010009","****","****","4500","1"
"16010074","****","****","2525","1"
"15010025","****","****","3100","1"
"15010012","****","****","3301","1"
"16010057","****","****","7311","1"
"16010070","****","****","4470","1"
"16010050","****","****","2617","1"
"16010054","****","****","6201","1"
"16010064","****","****","3200","1"
"15010071","****","****","2750","1"
"16010023","****","****","4470","1"
"16010076","****","****","9005","1"
"15010006","****","****","9004","1"
"15010028","****","****","2602","1"
"16010039","****","****","7118","1"
"16010079","****","****","2311","1"
"15010021","****","****","2000","1"
"15010075","****","****","2311","1"
"15010016","****","****","2750","1"
"15010036","****","****","2310","1"
"16010014","****","****","3200","1"
"16010075","****","****","2601","1"
"00009744","****","****","8002","1"
"99990041","****","****","9200","1"
"18010019","****","****","4470","1"
"18010028","****","****","9004","1"
"18010093","****","****","3200","1"
"18010095","****","****","2602","1"
"18010042","****","****","3301","1"
"18010080","****","****","2000","1"
"18010084","****","****","4501","1"
"18030001","****","****","9097","1"
"18010029","****","****","2412","1"
"99990042","****","****","9200","1"
"17040011","****","****","8003","1"
"17030006","****","****","2310","1"
"18010039","****","****","2414","1"
"18010069","****","****","4501","1"
"19010035","****","****","2525","1"
"19010040","****","****","2617","1"
"19010048","****","****","2617","1"
"19010016","****","****","2527","1"
"19010041","****","****","2526","1"
"19010044","****","****","7312","1"
"17010006","****","****","9110","1"
"17040002","****","****","8003","1"
"17040014","****","****","8003","1"
"17040033","****","****","8003","1"
"17040010","****","****","8003","1"
"17010093","****","****","3100","1"
"17040016","****","****","2104","1"
"17040017","****","****","8003","1"
"99990043","****","****","9200","1"
"17010014","****","****","9051","1"
"17010028","****","****","8003","1"
"18010014","****","****","2412","1"
"18010048","****","****","2000","1"
"18010092","****","****","8003","1"
"18030003","****","****","9051","1"
"17030012","****","****","9105","1"
"17040012","****","****","8003","1"
"18010047","****","****","6111","1"
"17010088","****","****","4470","1"
"17040034","****","****","8003","1"
"17040032","****","****","8003","1"
"18010072","****","****","3200","1"
"17030004","****","****","9104","1"
"00009745","****","****","8002","1"
"17040020","****","****","8003","1"
"00009750","****","****","8002","1"
"99990047","****","****","9200","1"
"17010024","****","****","2103","1"
"99990050","****","****","9200","1"
"17040030","****","****","8003","1"
"17010036","****","****","2414","1"
"17010067","****","****","2601","1"
"19010013","****","****","4470","1"
"17010042","****","****","2000","1"
"17010020","****","****","2527","1"
"17010078","****","****","4470","1"
"17040019","****","****","8003","1"
"17040022","****","****","8003","1"
"19030004","****","****","4480","1"
"18010015","****","****","4500","1"
"18010107","****","****","2000","1"
"19010049","****","****","2602","1"
"17010065","****","****","2525","1"
"17010034","****","****","9099","1"
"19010036","****","****","2521","1"
"19010052","****","****","2310","1"
"19010056","****","****","4470","1"
"19030003","****","****","2412","1"
"19010065","****","****","7113","1"
"17040027","****","****","3100","1"
"18010017","****","****","4480","1"
"19010010","****","****","2413","1"
"19010018","****","****","2413","1"
"19030006","****","****","4501","1"
"19010020","****","****","4501","1"
"18010055","****","****","4500","1"
"17010015","****","****","2617","1"
"17040007","****","****","8003","1"
"17040015","****","****","8003","1"
"18010061","****","****","2002","1"
"18010063","****","****","8003","1"
"20010018","****","****","4501","1"
"99990051","****","****","9200","1"
"19030016","****","****","9105","1"
"90000010","****","****","8888","1"
"90000014","****","****","8888","1"
"19030019","****","****","2750","1"
"90000011","****","****","8888","1"
"90000012","****","****","8888","1"
"90000013","****","****","8888","1"
"20010005","****","****","2521","1"
"20010011","****","****","3100","1"
"20010012","****","****","4501","1"
"21010021","****","****","2601","1"
"21010065","****","****","7120","1"
"21010076","****","****","4501","1"
"22010068","****","****","2000","1"
"22040001","****","****","7210","1"
"21010115","****","****","4501","1"
"21010117","****","****","8003","1"
"22010077","****","****","2523","1"
"20030006","****","****","3200","1"
"22010036","****","****","2602","1"
"20040424","****","****","7025","1"
"20040425","****","****","7113","1"
"20040426","****","****","7114","1"
"20040429","****","****","7114","1"
"20040430","****","****","7021","1"
"20040431","****","****","7211","1"
"20040432","****","****","7211","1"
"20040437","****","****","7211","1"
"22010055","****","****","4500","1"
"22010056","****","****","3100","1"
"20040443","****","****","7117","1"
"21010046","****","****","9097","1"
"20010040","****","****","9104","1"
"21010029","****","****","3100","1"
"21010044","****","****","2413","1"
"21010048","****","****","2000","1"
"21010082","****","****","2525","1"
"21040003","****","****","7316","1"
"22010007","****","****","4480","1"
"21010034","****","****","7113","1"
"21040002","****","****","7113","1"
"21010041","****","****","2750","1"
"21010071","****","****","3301","1"
"22010021","****","****","4480","1"
"22010054","****","****","2002","1"
"20030016","****","****","9003","1"
"20040024","****","****","7026","1"
"21010092","****","****","7211","1"
"20010025","****","****","2001","1"
"20040013","****","****","7004","1"
"22010066","****","****","2602","1"
"21010005","****","****","9051","1"
"21010112","****","****","3100","1"
"21030001","****","****","9051","1"
"22010011","****","****","4500","1"
"22010026","****","****","3200","1"
"20030008","****","****","4480","1"
"20040132","****","****","7025","1"
"20040135","****","****","7026","1"
"20040137","****","****","7021","1"
"20040139","****","****","7211","1"
"20040142","****","****","7211","1"
"20040146","****","****","7211","1"
"20040150","****","****","7021","1"
"20040153","****","****","7118","1"
"20040154","****","****","7113","1"
"20040155","****","****","7004","1"
"20040158","****","****","7025","1"
"20040159","****","****","7023","1"
"20040162","****","****","7120","1"
"20040163","****","****","7021","1"
"20040164","****","****","7314","1"
"20040167","****","****","7211","1"
"22040002","****","****","7120","1"
"22040003","****","****","7315","1"
"20040168","****","****","7500","1"
"20040171","****","****","7316","1"
"20040174","****","****","7005","1"
"20040176","****","****","7113","1"
"20040178","****","****","7114","1"
"20040179","****","****","7021","1"
"20040180","****","****","7500","1"
"20040182","****","****","7002","1"
"20040186","****","****","7500","1"
"20040187","****","****","7114","1"
"20040191","****","****","7120","1"
"20040192","****","****","7113","1"
"20040193","****","****","7120","1"
"20040197","****","****","7003","1"
"20040199","****","****","7003","1"
"20040200","****","****","7315","1"
"20040201","****","****","7006","1"
"20040202","****","****","7117","1"
"20040205","****","****","7314","1"
"20040207","****","****","7310","1"
"20030001","****","****","2000","1"
"00009753","****","****","8002","1"
"20040212","****","****","7021","1"
"20040215","****","****","7316","1"
"20040216","****","****","7119","1"
"20040223","****","****","7313","1"
"20040226","****","****","7210","1"
"20040227","****","****","7113","1"
"20040228","****","****","7211","1"
"20040232","****","****","7211","1"
"20040233","****","****","7005","1"
"20040234","****","****","7119","1"
"20040235","****","****","7119","1"
"20040236","****","****","7006","1"
"20040238","****","****","7120","1"
"20040240","****","****","7113","1"
"20040243","****","****","7310","1"
"20040247","****","****","7120","1"
"20040249","****","****","7501","1"
"20040251","****","****","7118","1"
"20040264","****","****","7114","1"
"20040266","****","****","7314","1"
"20040271","****","****","7120","1"
"20040273","****","****","7114","1"
"20040274","****","****","7501","1"
"20040281","****","****","7210","1"
"20040283","****","****","7118","1"
"20040292","****","****","7312","1"
"20040294","****","****","7113","1"
"20040296","****","****","7113","1"
"20040297","****","****","7113","1"
"21010038","****","****","2521","1"
"21010095","****","****","2002","1"
"22010002","****","****","2000","1"
"20040298","****","****","7120","1"
"20040300","****","****","7316","1"
"20040301","****","****","7118","1"
"20040309","****","****","7021","1"
"20040311","****","****","7113","1"
"20040314","****","****","7021","1"
"20040316","****","****","7119","1"
"20040324","****","****","7211","1"
"20040326","****","****","7113","1"
"20040329","****","****","7210","1"
"20040330","****","****","7025","1"
"20040333","****","****","7211","1"
"20040336","****","****","7210","1"
"20040337","****","****","7210","1"
"20010030","****","****","3100","1"
"20040345","****","****","3301","1"
"20040346","****","****","7021","1"
"20040376","****","****","7316","1"
"20040382","****","****","7114","1"
"20040385","****","****","7118","1"
"20040386","****","****","7001","1"
"20040387","****","****","7314","1"
"21040006","****","****","7316","1"
"20040392","****","****","7312","1"
"20040398","****","****","7211","1"
"20040407","****","****","7117","1"
"20040416","****","****","7312","1"
"20040418","****","****","7004","1"
"20040421","****","****","7117","1"
"20040422","****","****","7313","1"
"20040423","****","****","7310","1"
"22040007","****","****","7118","1"
"22040008","****","****","7210","1"
"22040012","****","****","7313","1"
"22010001","****","****","4500","1"
"20040069","****","****","9051","1"
"90000102","****","****","7600","1"
"90000103","****","****","7600","1"
"90000104","****","****","7600","1"
"90000105","****","****","7600","1"
"90000106","****","****","7600","1"
"90000101","****","****","7600","1"
"20040218","****","****","7025","1"
"20040046","****","****","9004","1"
"20010042","****","****","2414","1"
"20010045","****","****","2413","1"
"20010052","****","****","4500","1"
"20010054","****","****","2523","1"
"20010057","****","****","4480","1"
"20010058","****","****","4501","1"
"20010062","****","****","9052","1"
"20010065","****","****","3301","1"
"21010004","****","****","3200","1"
"21010039","****","****","3200","1"
"21030002","****","****","9011","1"
"00009752","****","****","8002","1"
"21040005","****","****","7025","1"
"21030004","****","****","9052","1"
"20040001","****","****","7000","1"
"20040002","****","****","7006","1"
"20040004","****","****","7210","1"
"20040007","****","****","7211","1"
"20040008","****","****","7211","1"
"20040009","****","****","7314","1"
"20040010","****","****","7025","1"
"20040011","****","****","7118","1"
"20040012","****","****","7210","1"
"20040014","****","****","7113","1"
"20040015","****","****","7025","1"
"20040017","****","****","7210","1"
"20040018","****","****","7118","1"
"20040022","****","****","7211","1"
"20040023","****","****","7211","1"
"20040027","****","****","7005","1"
"20040028","****","****","7005","1"
"20040031","****","****","7210","1"
"20040032","****","****","7210","1"
"20040034","****","****","7210","1"
"20040035","****","****","7022","1"
"20040037","****","****","7120","1"
"20040038","****","****","7006","1"
"20040041","****","****","7025","1"
"20040042","****","****","7118","1"
"22010019","****","****","6102","1"
"22010031","****","****","2526","1"
"20040044","****","****","7211","1"
"20040045","****","****","7113","1"
"20040049","****","****","7003","1"
"20040051","****","****","7024","1"
"20040052","****","****","7210","1"
"20040053","****","****","7312","1"
"20040054","****","****","7210","1"
"20040055","****","****","7211","1"
"20040056","****","****","7311","1"
"20040062","****","****","7006","1"
"20040064","****","****","7211","1"
"20040067","****","****","7023","1"
"22010006","****","****","7501","1"
"22010008","****","****","2523","1"
"22010012","****","****","9052","1"
"22010071","****","****","3100","1"
"20040068","****","****","7023","1"
"20040070","****","****","7113","1"
"20040071","****","****","7114","1"
"20040072","****","****","7021","1"
"20040074","****","****","7120","1"
"20040075","****","****","7211","1"
"20040081","****","****","7021","1"
"20040082","****","****","7000","1"
"20040083","****","****","7001","1"
"20040084","****","****","7211","1"
"20040086","****","****","7117","1"
"20040090","****","****","7310","1"
"20040091","****","****","7114","1"
"20040092","****","****","7113","1"
"20040094","****","****","7211","1"
"22010037","****","****","7120","1"
"22010052","****","****","2414","1"
"22010075","****","****","9004","1"
"20040095","****","****","7119","1"
"20040096","****","****","7211","1"
"20040097","****","****","7210","1"
"20040098","****","****","7022","1"
"20040099","****","****","7118","1"
"20040100","****","****","7118","1"
"20040102","****","****","7316","1"
"20040112","****","****","7113","1"
"20040113","****","****","7021","1"
"20040117","****","****","7021","1"
"20040118","****","****","7114","1"
"20040120","****","****","7120","1"
"20040121","****","****","7003","1"
"20040122","****","****","7315","1"
"20040123","****","****","7114","1"
"20040124","****","****","7119","1"
"20040129","****","****","7003","1"
"20040130","****","****","7210","1"
"22010078","****","****","2750","1"
"21010018","****","****","4480","1"
"21010060","****","****","4500","1"
"21010064","****","****","3100","1"
"22030004","****","****","9051","1"
"22041006","****","****","2523","1"
"22041007","****","****","4501","1"
"22041010","****","****","4501","1"
"22041004","****","****","2526","1"
"23010064","****","****","2310","1"
"23040001","****","****","7119","1"
"23040003","****","****","7210","1"
"23030003","****","****","9051","1"
"23010077","****","****","4500","1"
"23010098","****","****","3300","1"
"23010102","****","****","4480","1"
"23010108","****","****","4501","1"
"23030004","****","****","9200","1"
"23030007","****","****","9051","1"
"23030008","****","****","9051","1"
"23040016","****","****","7315","1"
"23010017","****","****","3100","1"
"23010020","****","****","9097","1"
"23010037","****","****","4500","1"
"23010047","****","****","2525","1"
"23010103","****","****","2413","1"
"23040015","****","****","7314","1"
"23041062","****","****","6108","1"
"23041066","****","****","6112","1"
"23010063","****","****","3200","1"
"23010082","****","****","2750","1"
"23010006","****","****","2000","1"
"23010007","****","****","2000","1"
"23010019","****","****","2311","1"
"23010109","****","****","2104","1"
"23041060","****","****","6112","1"
"23041064","****","****","6111","1"
"23041065","****","****","6106","1"
"23010026","****","****","2310","1"
"23010028","****","****","2413","1"
"23010086","****","****","2311","1"
"23010087","****","****","2526","1"
"23010094","****","****","2525","1"
"23010096","****","****","2001","1"
"23010099","****","****","3300","1"
"23041057","****","****","6110","1"
"23041058","****","****","6110","1"
"23040014","****","****","7500","1"
"23010095","****","****","2001","1"
"24010097","****","****","4480","1"
"24010098","****","****","2104","1"
"24010101","****","****","7313","1"
"24010105","****","****","3200","1"
"24010106","****","****","3100","1"
"24010108","****","****","2000","1"
"24010110","****","****","2526","1"
"24010111","****","****","3100","1"
"24041002","****","****","6106","1"
"24041004","****","****","6106","1"
"24041007","****","****","6102","1"
"24041009","****","****","6113","1"
"24041010","****","****","6112","1"
"24041011","****","****","6104","1"
"22030008","****","****","9051","1"
"23010005","****","****","4470","1"
"23041116","****","****","6111","1"
"23041074","****","****","6104","1"
"23041075","****","****","6108","1"
"23041076","****","****","6113","1"
"23041077","****","****","6112","1"
"24010112","****","****","3100","1"
"24010114","****","****","4470","1"
"24010115","****","****","3301","1"
"24010116","****","****","2311","1"
"24010117","****","****","2310","1"
"24010119","****","****","2000","1"
"24010120","****","****","2523","1"
"24010121","****","****","3301","1"
"24010122","****","****","3100","1"
"24010123","****","****","2000","1"
"23041084","****","****","6102","1"
"24041013","****","****","6201","1"
"23010084","****","****","2002","1"
"23041009","****","****","6904","1"
"23041010","****","****","6902","1"
"23041012","****","****","6110","1"
"23041013","****","****","6901","1"
"23041016","****","****","6903","1"
"23041019","****","****","6201","1"
"23041021","****","****","6902","1"
"23041022","****","****","6903","1"
"23041023","****","****","6904","1"
"23041024","****","****","6106","1"
"24010124","****","****","2521","1"
"24010126","****","****","8003","1"
"24040001","****","****","7312","1"
"24040004","****","****","7314","1"
"23041110","****","****","6108","1"
"23041113","****","****","6109","1"
"24010059","****","****","2414","1"
"24010065","****","****","9005","1"
"24010073","****","****","2000","1"
"24010081","****","****","2310","1"
"23041028","****","****","6906","1"
"23041029","****","****","2523","1"
"23041030","****","****","6903","1"
"23041031","****","****","6901","1"
"23041032","****","****","6106","1"
"23041038","****","****","6901","1"
"23041039","****","****","6902","1"
"23041040","****","****","6907","1"
"23041042","****","****","6906","1"
"23041043","****","****","6905","1"
"23041044","****","****","6905","1"
"23041045","****","****","6905","1"
"23041046","****","****","6909","1"
"23041048","****","****","6907","1"
"23041050","****","****","6201","1"
"23041001","****","****","6301","1"
"23043000","****","****","5201","1"
"23041118","****","****","6112","1"
"24010087","****","****","3301","1"
"24010090","****","****","3301","1"
"24010093","****","****","2413","1"
"24010103","****","****","2414","1"
"24010109","****","****","3100","1"
"23043030","****","****","5201","1"
"24010128","****","****","3200","1"
"23010018","****","****","3200","1"
"23010021","****","****","3100","1"
"23010045","****","****","4501","1"
"23041004","****","****","6113","1"
"23041051","****","****","6111","1"
"23041053","****","****","6109","1"
"23041079","****","****","6108","1"
"23041081","****","****","6102","1"
"24010113","****","****","9051","1"
"24040009","****","****","7113","1"
"24040011","****","****","7117","1"
"24041015","****","****","6905","1"
"23010069","****","****","2412","1"
"23041071","****","****","6102","1"
"23041069","****","****","6110","1"
"23041070","****","****","6104","1"
"24010001","****","****","2310","1"
"23041054","****","****","6109","1"
"23041097","****","****","6102","1"
"23041083","****","****","6110","1"
"23041089","****","****","6110","1"
"24010003","****","****","4501","1"
"24010004","****","****","2000","1"
"24010006","****","****","2414","1"
"24010007","****","****","3200","1"
"24010008","****","****","2602","1"
"23041092","****","****","6903","1"
"23041093","****","****","6102","1"
"23041094","****","****","6104","1"
"23041095","****","****","6104","1"
"23041091","****","****","6111","1"
"23041105","****","****","6109","1"
"24010014","****","****","3100","1"
"24010016","****","****","7313","1"
"24010017","****","****","3300","1"
"24010018","****","****","6201","1"
"24010020","****","****","2000","1"
"24010021","****","****","4500","1"
"24010022","****","****","3200","1"
"24010023","****","****","2412","1"
"23010065","****","****","2001","1"
"23041108","****","****","6108","1"
"23030013","****","****","4470","1"
"24010034","****","****","4470","1"
"23010009","****","****","2525","1"
"23010013","****","****","2311","1"
"23010027","****","****","2311","1"
"23010039","****","****","4480","1"
"23010042","****","****","4480","1"
"23010046","****","****","3200","1"
"23010049","****","****","4470","1"
"23041086","****","****","6104","1"
"23041100","****","****","6108","1"
"23041102","****","****","6109","1"
"24010028","****","****","2413","1"
"24010029","****","****","4500","1"
"24010033","****","****","2311","1"
"24010036","****","****","2311","1"
"24010037","****","****","2001","1"
"24010039","****","****","2617","1"
"23040021","****","****","7006","1"
"24010025","****","****","9050","1"
"24010063","****","****","2413","1"
"24010070","****","****","4480","1"
"24010074","****","****","3200","1"
"24010077","****","****","3100","1"
"24010088","****","****","2412","1"
"24010094","****","****","2414","1"
"24010100","****","****","4500","1"
"90005202","****","****","5201","1"
"90005203","****","****","5201","1"
"90005204","****","****","5201","1"
"90005205","****","****","5201","1"
"90005206","****","****","5201","1"
"90005207","****","****","5201","1"
"90005208","****","****","5201","1"
"90005209","****","****","5201","1"
"90005210","****","****","5201","1"
"90005211","****","****","5201","1"
"90005212","****","****","5201","1"
"90005213","****","****","5201","1"
"90005214","****","****","5201","1"
"90005215","****","****","5201","1"
"90005201","****","****","5201","1"
"23041104","****","****","6111","1"
"23040009","****","****","7312","1"
"24010040","****","****","2000","1"
"24010045","****","****","2521","1"
"24010046","****","****","4470","1"
"24010048","****","****","4500","1"
"24010049","****","****","2002","1"
"24010050","****","****","3200","1"
"24010052","****","****","4470","1"
"24010053","****","****","4480","1"
"24010061","****","****","2525","1"
"24010062","****","****","2310","1"
"24010064","****","****","2412","1"
"24010066","****","****","4470","1"
"24040005","****","****","7021","1"
"24040012","****","****","7113","1"
"23030011","****","****","9100","1"
"23041106","****","****","6102","1"
"23041109","****","****","6903","1"
"23041115","****","****","6109","1"
"24010068","****","****","9005","1"
"24010069","****","****","4500","1"
"24010071","****","****","4500","1"
"24010076","****","****","2000","1"
"24010078","****","****","3100","1"
"24010079","****","****","2311","1"
"23010060","****","****","2601","1"
"23010078","****","****","2527","1"
"23043019","****","****","5201","1"
"23043020","****","****","5201","1"
"23043021","****","****","5201","1"
"23043022","****","****","5201","1"
"23043023","****","****","5201","1"
"23043024","****","****","5201","1"
"23043025","****","****","5201","1"
"23043026","****","****","5201","1"
"23043027","****","****","5201","1"
"23043028","****","****","5201","1"
"23043029","****","****","5201","1"
"23043001","****","****","5201","1"
"24010041","****","****","3300","1"
"24010047","****","****","9051","1"
"24010051","****","****","4500","1"
"24010085","****","****","3100","1"
"23041120","****","****","6903","1"
"23041121","****","****","6112","1"
"23041122","****","****","6104","1"
"23041123","****","****","6905","1"
"23041124","****","****","6104","1"
"23041125","****","****","6104","1"
"23041126","****","****","6113","1"
"23041127","****","****","6110","1"
"23041128","****","****","6102","1"
"23041129","****","****","6102","1"
"23041132","****","****","6901","1"
"23041133","****","****","6111","1"
"23040020","****","****","7002","1"
"23043002","****","****","5201","1"
"23043003","****","****","5201","1"
"23043004","****","****","5201","1"
"23043005","****","****","5201","1"
"23043006","****","****","5201","1"
"23043007","****","****","2750","1"
"23043008","****","****","5201","1"
"23043009","****","****","9107","1"
"23043010","****","****","5201","1"
"23043011","****","****","5201","1"
"23043012","****","****","5201","1"
"23043013","****","****","5201","1"
"23043014","****","****","5201","1"
"23043015","****","****","5201","1"
"23043016","****","****","5201","1"
"23043017","****","****","5201","1"
"23043018","****","****","5201","1"
"23041099","****","****","6201","1"
"23041101","****","****","6109","1"
"23041134","****","****","6104","1"
"23041135","****","****","6104","1"
"23041136","****","****","6111","1"
"23041137","****","****","6108","1"
"23041139","****","****","6112","1"
"23041080","****","****","6104","1"
"23041082","****","****","6111","1"
"23010029","****","****","2412","1"
"23010068","****","****","3301","1"
"23010090","****","****","9110","1"
"23010110","****","****","2523","1"
"23040018","****","****","7312","1"
"24010080","****","****","4501","1"
"24010084","****","****","2000","1"
"24010086","****","****","2000","1"
"24010011","****","****","2412","1"
"24010015","****","****","3300","1"
"24010019","****","****","2412","1"
"24010035","****","****","2750","1"
"24010054","****","****","3100","1"
"24010056","****","****","2523","1"
"24010057","****","****","2521","1"
"23041142","****","****","6104","1"
"23041145","****","****","6113","1"
"23041147","****","****","6104","1"
"23041148","****","****","6106","1"
"23041149","****","****","6907","1"
"20040006","****","****","7002","1"
"25010064","****","****","3301","1"
"25010067","****","****","3200","1"
"23041223","****","****","6401","1"
"25010014","****","****","2000","1"
"25010015","****","****","3100","1"
"25010016","****","****","2311","1"
"25010017","****","****","2103","1"
"25010018","****","****","3100","1"
"25010037","****","****","3200","1"
"25010057","****","****","2000","1"
"24041017","****","****","6112","1"
"25010032","****","****","3100","1"
"25010035","****","****","8003","1"
"25010021","****","****","4480","1"
"25010024","****","****","3300","1"
"25010071","****","****","3100","1"
"23041150","****","****","6401","1"
"23041151","****","****","6401","1"
"23041152","****","****","6401","1"
"23041156","****","****","6401","1"
"23041158","****","****","6401","1"
"23041159","****","****","6401","1"
"23041161","****","****","6401","1"
"23041162","****","****","6401","1"
"23041163","****","****","6401","1"
"23041164","****","****","6401","1"
"23041165","****","****","6401","1"
"23041166","****","****","6401","1"
"23041167","****","****","6401","1"
"23041168","****","****","6401","1"
"23041170","****","****","6401","1"
"23041172","****","****","6401","1"
"23041174","****","****","6401","1"
"23041175","****","****","6401","1"
"23041176","****","****","6401","1"
"23041177","****","****","6401","1"
"25040002","****","****","7114","1"
"25040041","****","****","7312","1"
"00009759","****","****","8002","1"
"25010013","****","****","4470","1"
"25041015","****","****","6102","1"
"23041178","****","****","6401","1"
"23041180","****","****","6401","1"
"23041181","****","****","6401","1"
"23041183","****","****","6401","1"
"23041184","****","****","6401","1"
"23041187","****","****","6401","1"
"23041188","****","****","6401","1"
"23041191","****","****","6401","1"
"23041192","****","****","6401","1"
"23041193","****","****","6401","1"
"23041196","****","****","6401","1"
"23041197","****","****","6401","1"
"23041198","****","****","6401","1"
"23041205","****","****","6401","1"
"25010010","****","****","2527","1"
"25010012","****","****","4470","1"
"24041006","****","****","2310","1"
"23041117","****","****","6102","1"
"25010031","****","****","2412","1"
"25010033","****","****","2525","1"
"25010034","****","****","3100","1"
"25010040","****","****","3200","1"
"25010041","****","****","4470","1"
"25010042","****","****","2601","1"
"25010063","****","****","4470","1"
"25010065","****","****","2527","1"
"25010070","****","****","3200","1"
"23041130","****","****","6104","1"
"23041206","****","****","6401","1"
"23041207","****","****","6401","1"
"23041208","****","****","6401","1"
"23041209","****","****","6401","1"
"23041212","****","****","6401","1"
"23041215","****","****","6401","1"
"23041216","****","****","6401","1"
"23041217","****","****","6401","1"
"23041219","****","****","6401","1"
"23041221","****","****","6401","1"
"25041001","****","****","6201","1"
"25041003","****","****","6104","1"
"25041004","****","****","6109","1"
"25041006","****","****","6112","1"
"25041007","****","****","6112","1"
"25041008","****","****","4501","1"
"25041009","****","****","6106","1"
"25041010","****","****","6113","1"
"25041011","****","****","6108","1"
"25041012","****","****","6104","1"
"25041013","****","****","6201","1"
"25041014","****","****","6104","1"
"25041016","****","****","6901","1"
"25041017","****","****","6104","1"
"25041018","****","****","6102","1"
"25041019","****","****","6112","1"
"20040025","****","****","7025","1"
"99991001","****","****","9200","1"
"25041021","****","****","6106","1"
"25041022","****","****","6104","1"
"25041023","****","****","6111","1"
"25010043","****","****","2412","1"
"25010046","****","****","2526","1"
"25010047","****","****","3301","1"
"25010062","****","****","2310","1"
"25040040","****","****","7316","1"
"25040003","****","****","7211","1"
"25040009","****","****","7315","1"
"25040012","****","****","7113","1"
"25040015","****","****","7315","1"
"25040018","****","****","7119","1"
"25040022","****","****","4500","1"
"25040033","****","****","4470","1"
"25040035","****","****","7311","1"
"25010009","****","****","2526","1"
"25010011","****","****","2103","1"
"25040010","****","****","7114","1"
"25040019","****","****","7314","1"
"25040024","****","****","7316","1"
"25040030","****","****","7113","1"
"25010008","****","****","2525","1"
"00009754","****","****","8002","1"
"25010004","****","****","4470","1"
"25010006","****","****","2527","1"
"25010020","****","****","3100","1"
"25010028","****","****","2000","1"
"25010044","****","****","4501","1"
"25010058","****","****","2310","1"
"25010068","****","****","3200","1"
"25030002","****","****","9104","1"
"00009760","****","****","8002","1"
"25040014","****","****","4470","1"
"25040017","****","****","7120","1"
"25040020","****","****","4470","1"
"25040029","****","****","7500","1"
"25010023","****","****","4501","1"
"25010027","****","****","2000","1"
"25040038","****","****","4470","1"
"00009758","****","****","8002","1"
"25040004","****","****","7021","1"
"25040027","****","****","7314","1"
"25040028","****","****","7310","1"
"25040034","****","****","7120","1"
"25040036","****","****","4501","1"
"25010005","****","****","4470","1"
"25040039","****","****","7005","1"
"25010003","****","****","2001","1"
"25010007","****","****","4501","1"
"25010059","****","****","3100","1"
"25010060","****","****","3301","1"
"24030003","****","****","9003","1"
"99991008","****","****","9200","1"
"25010050","****","****","3100","1"
"25010053","****","****","3100","1"
"25010025","****","****","2602","1"
"25010029","****","****","2525","1"
"25010045","****","****","2412","1"
"25010061","****","****","2414","1"
"25010026","****","****","4501","1"
"25040005","****","****","7117","1"
"25040006","****","****","4501","1"
"25040013","****","****","7113","1"
"25040021","****","****","7312","1"
"25040037","****","****","7310","1"
"25010001","****","****","2522","1"
"25030005","****","****","9107","1"
"25040001","****","****","7311","1"
"24030008","****","****","3100","1"
"25010048","****","****","2523","1"
"25010036","****","****","2601","1"
"25010038","****","****","3301","1"
"25010039","****","****","4480","1"
"25010052","****","****","4480","1"
"24040013","****","****","7021","1"
"25030003","****","****","2310","1"
"23041224","****","****","6401","1"
"24040015","****","****","7006","1"
"00009756","****","****","8002","1"
"00009757","****","****","8002","1"
"24040016","****","****","7312","1"
"23041222","****","****","6905","1"
"24030004","****","****","4470","1"
"99991004","****","****","9200","1"
"99991007","****","****","9200","1"
"99991002","****","****","9200","1"
"99991003","****","****","9200","1"
"24030007","****","****","4480","1"
"00009755","****","****","8002","1"
"99991005","****","****","9200","1"
"24041018","****","****","6110","1"
"24030005","****","****","4500","1"
"99991006","****","****","9200","1"
"24040014","****","****","7113","1"
"26010001","****","****","2000","1"
"26010054","****","****","2601","1"
"26010061","****","****","2103","1"
"26010022","****","****","2000","1"
"26010030","****","****","2103","1"
"26010036","****","****","2000","1"
"26010038","****","****","2527","1"
"25030008","****","****","2602","1"
"26010024","****","****","2525","1"
"26010032","****","****","2311","1"
"26010046","****","****","2601","1"
"26010049","****","****","2601","1"
"26010057","****","****","2413","1"
"26010062","****","****","2000","1"
"26010056","****","****","2000","1"
"26010048","****","****","2413","1"
"26040004","****","****","4500","1"
"26040018","****","****","7113","1"
"26040002","****","****","7118","1"
"26040006","****","****","7117","1"
"26010014","****","****","2103","1"
"26010045","****","****","2413","1"
"26010050","****","****","2750","1"
"26040003","****","****","4470","1"
"26040007","****","****","7113","1"
"26010025","****","****","2413","1"
"26010029","****","****","2000","1"
"26010043","****","****","2413","1"
"26010044","****","****","2412","1"
"26010058","****","****","8003","1"
"26010060","****","****","2523","1"
"26010055","****","****","2525","1"
"26010059","****","****","2413","1"
"26010063","****","****","2002","1"
"26040001","****","****","4501","1"
"26040005","****","****","7118","1"
"26010007","****","****","2521","1"
"00009764","****","****","8002","1"
"25030006","****","****","9051","1"
"26010008","****","****","2311","1"
"26010010","****","****","4501","1"
"26010011","****","****","2000","1"
"26010013","****","****","2310","1"
"23041227","****","****","6401","1"
"23041228","****","****","6401","1"
"23041229","****","****","6401","1"
"26010033","****","****","2527","1"
"26010051","****","****","2521","1"
"26010053","****","****","4470","1"
"00009763","****","****","8002","1"
"26010004","****","****","2310","1"
"26010020","****","****","2412","1"
"26010003","****","****","2103","1"
"26010034","****","****","2000","1"
"26010035","****","****","2521","1"
"26010042","****","****","2750","1"
"26040009","****","****","7310","1"
"26040011","****","****","4501","1"
"26010005","****","****","2412","1"
"26010015","****","****","2526","1"
"26010018","****","****","2526","1"
"26010026","****","****","4501","1"
"26030001","****","****","2000","1"
"26040010","****","****","4470","1"
"26010002","****","****","4501","1"
"26040008","****","****","7120","1"
"26040016","****","****","4501","1"
"26041001","****","****","6102","1"
"26041002","****","****","6111","1"
"26041003","****","****","2310","1"
"26041004","****","****","6111","1"
"26041005","****","****","6109","1"
"26041006","****","****","6109","1"
"26041007","****","****","6110","1"
"26041008","****","****","6108","1"
"26041009","****","****","6301","1"
"26041010","****","****","6102","1"
"26041011","****","****","6110","1"
"26041012","****","****","6201","1"
"26041013","****","****","2525","1"
"26041014","****","****","6108","1"
"26041015","****","****","6106","1"
"26041016","****","****","6106","1"
"26041017","****","****","2000","1"
"26041018","****","****","6108","1"
"26041019","****","****","6113","1"
"26041020","****","****","6112","1"
"26041021","****","****","6109","1"
"26010041","****","****","4501","1"
"26010006","****","****","2601","1"
"26010016","****","****","2000","1"
"26010037","****","****","2310","1"
"26010019","****","****","2414","1"
"26010027","****","****","2525","1"
"26010031","****","****","2412","1"
"26010023","****","****","2412","1"
"26010040","****","****","2000","1"
"26010009","****","****","2311","1"
"26010012","****","****","8003","1"
"26010021","****","****","2413","1"
"26010017","****","****","2310","1"
"26010028","****","****","2602","1"
"00009761","****","****","8002","1"
"00009762","****","****","8002","1"
"26010039","****","****","2000","1"
"26010047","****","****","2523","1"
"26010052","****","****","2750","1"
"26030002","****","****","2750","1"
"25030007","****","****","2750","1"
"26040012","****","****","4501","1"
"26040014","****","****","4470","1"
"26040015","****","****","4501","1"
"26040017","****","****","4501","1"
"26040019","****","****","4470","1"
"26040020","****","****","7119","1"
